batch_id,courier_id,day_of_week,hour_of_day,n_stops,random_km,nn_km,optimized_km,saved_pct_vs_random,saved_pct_vs_nn
B001,229,3,12,30,59.05,25.92,23.61,60.0,8.9
B002,4241,2,8,15,231.25,76.28,70.8,69.4,7.2
B003,3680,2,10,30,74.58,36.2,34.42,53.8,4.9
B004,3255,6,13,17,7.41,2.64,2.3,69.0,13.1
B005,2519,6,10,22,151.0,37.78,33.67,77.7,10.9
B006,3904,1,14,12,8.38,4.96,4.95,40.9,0.3
B007,4109,5,10,13,201.81,90.56,90.56,55.1,0.0
B008,616,0,13,8,19.6,12.1,11.97,39.0,1.1
B009,1271,3,11,19,36.78,33.42,31.9,13.3,4.5
B010,3478,2,9,30,88.28,31.35,30.54,65.4,2.6
B011,1636,2,10,30,45.63,14.89,13.58,70.2,8.8
B012,615,6,13,30,40.45,12.72,12.1,70.1,4.9
B013,846,0,9,30,46.79,19.64,16.1,65.6,18.0
B014,615,0,13,25,33.07,11.55,11.55,65.1,0.0
B015,3135,6,10,30,229.97,72.1,63.42,72.4,12.0
B016,1147,5,10,30,48.67,21.65,19.1,60.8,11.8
B017,2803,2,13,16,33.79,21.77,19.51,42.3,10.4
B018,1443,3,8,9,21.52,9.91,9.85,54.2,0.7
B019,4363,6,8,30,55.14,16.25,13.5,75.5,16.9
B020,3429,4,11,30,51.53,20.09,16.06,68.8,20.1
B021,160,0,10,8,22.58,13.88,13.04,42.2,6.0
B022,615,1,11,30,46.4,13.72,12.9,72.2,6.0
B023,2519,4,10,30,115.54,37.74,34.1,70.5,9.6
B024,1016,5,17,8,10.53,8.48,8.4,20.2,1.0
B025,4517,0,7,30,46.54,25.8,24.52,47.3,5.0
B026,1636,4,15,29,30.4,12.91,10.05,66.9,22.2
B027,498,3,11,12,35.06,21.07,20.83,40.6,1.2
B028,2776,6,9,8,69.87,50.53,50.53,27.7,0.0
B029,1630,2,10,30,32.58,20.79,19.94,38.8,4.1
B030,740,4,11,30,114.6,49.26,45.74,60.1,7.1
B031,1426,5,16,16,32.68,16.57,15.09,53.8,8.9
B032,1707,4,13,9,19.46,12.64,10.42,46.4,17.5
B033,229,4,16,9,27.75,23.73,22.09,20.4,6.9
B034,2675,0,9,30,101.95,45.9,45.71,55.2,0.4
B035,1487,5,10,30,26.66,10.56,8.69,67.4,17.7
B036,4383,1,9,22,32.69,17.37,16.94,48.2,2.4
B037,2634,1,11,24,121.85,41.66,34.47,71.7,17.3
B038,2675,4,11,30,54.96,34.48,32.11,41.6,6.9
B039,858,1,10,26,83.84,35.34,32.04,61.8,9.4
B040,1693,6,9,30,124.46,44.86,34.64,72.2,22.8
B041,2880,4,11,30,70.13,32.5,29.64,57.7,8.8
B042,332,1,8,30,52.64,24.41,21.09,59.9,13.6
B043,3657,1,12,30,19.7,10.55,10.24,48.0,3.0
B044,467,5,12,30,82.68,36.26,35.97,56.5,0.8
B045,2976,2,8,20,271.84,97.8,94.36,65.3,3.5
B046,3680,5,10,30,32.0,16.14,13.85,56.7,14.2
B047,1923,3,9,30,74.65,28.42,28.3,62.1,0.4
B048,3561,0,9,27,289.25,85.91,83.36,71.2,3.0
B049,4765,5,13,30,69.17,31.66,28.37,59.0,10.4
B050,1636,2,16,30,33.81,12.84,11.01,67.4,14.3
B051,4765,4,9,30,114.8,39.7,31.66,72.4,20.2
B052,4352,6,11,30,254.66,43.53,42.23,83.4,3.0
B053,4109,3,8,19,249.35,107.37,97.88,60.7,8.8
B054,2497,2,11,11,56.93,40.4,37.79,33.6,6.5
B055,615,2,10,30,36.56,13.33,11.48,68.6,13.8
B056,615,4,17,15,26.98,12.57,10.95,59.4,12.9
B057,3157,3,9,26,144.63,43.39,40.59,71.9,6.5
B058,116,1,10,18,26.38,16.56,16.14,38.8,2.6
B059,1359,5,10,30,54.58,24.06,18.77,65.6,22.0
B060,2700,5,10,30,39.06,14.37,11.66,70.1,18.9
B061,1274,5,10,30,25.16,10.62,9.27,63.2,12.7
B062,2082,3,8,30,71.39,27.96,24.99,65.0,10.6
B063,3707,0,8,30,69.21,27.96,26.93,61.1,3.7
B064,27,6,9,30,46.73,17.31,16.21,65.3,6.3
B065,1789,1,10,30,60.87,20.33,18.14,70.2,10.8
B066,616,0,10,25,36.99,17.22,13.91,62.4,19.2
B067,1508,5,7,10,63.26,48.67,45.34,28.3,6.8
B068,4155,2,10,19,120.87,39.73,31.95,73.6,19.6
B069,783,6,7,10,14.48,9.33,9.22,36.3,1.1
B070,4017,1,10,30,196.18,56.4,54.81,72.1,2.8
B071,3707,6,9,30,95.02,31.64,29.85,68.6,5.7
B072,1586,3,14,9,38.05,29.17,29.17,23.3,0.0
B073,2388,5,17,28,50.11,15.98,13.95,72.2,12.7
B074,23,0,7,25,35.06,15.15,14.69,58.1,3.0
B075,740,2,13,27,32.52,22.36,21.61,33.5,3.3
B076,467,5,9,17,49.43,30.16,29.02,41.3,3.8
B077,2233,4,11,11,27.38,15.57,14.64,46.5,6.0
B078,1016,5,12,22,45.65,12.85,12.07,73.6,6.1
B079,3718,5,12,24,245.86,66.69,62.8,74.5,5.8
B080,1016,6,8,16,29.11,11.39,10.69,63.3,6.2
B081,4017,2,14,22,177.9,43.33,41.12,76.9,5.1
B082,3718,6,10,30,189.64,57.18,54.1,71.5,5.4
B083,1147,2,11,30,58.03,21.42,18.92,67.4,11.7
B084,1923,5,8,15,37.42,26.81,26.25,29.9,2.1
B085,2875,5,12,12,52.27,19.99,19.84,62.0,0.8
B086,339,6,16,12,37.73,22.59,22.14,41.3,2.0
B087,3456,0,13,9,9.93,8.36,8.05,18.9,3.7
B088,2936,4,12,9,10.04,6.57,6.43,35.9,2.1
B089,4352,6,8,9,8.68,7.42,7.3,16.0,1.6
B090,4383,6,14,12,106.31,48.71,48.55,54.3,0.3
B091,2803,3,12,30,58.97,23.7,19.11,67.6,19.4
B092,339,6,13,23,73.89,34.16,30.36,58.9,11.1
B093,4017,5,12,28,120.75,50.91,49.31,59.2,3.1
B094,422,2,14,12,17.22,10.05,9.27,46.2,7.7
B095,2497,2,13,13,54.13,31.58,28.54,47.3,9.6
B096,2803,4,10,30,84.46,41.28,35.3,58.2,14.5
B097,498,4,16,30,60.75,28.51,25.64,57.8,10.1
B098,4352,6,9,20,155.56,40.79,38.96,75.0,4.5
B099,4181,0,6,9,22.16,16.0,15.92,28.2,0.5
B100,4181,5,8,13,43.84,18.12,16.66,62.0,8.0
B101,740,5,13,20,33.95,23.76,22.75,33.0,4.3
B102,881,1,9,30,61.46,28.9,27.43,55.4,5.1
B103,573,2,11,30,71.7,21.64,19.84,72.3,8.3
B104,2760,3,10,30,50.37,21.74,20.75,58.8,4.6
B105,2760,6,11,30,48.57,24.41,21.8,55.1,10.7
B106,858,6,9,30,84.88,36.68,32.73,61.4,10.8
B107,3157,5,9,30,129.7,41.71,37.52,71.1,10.0
B108,535,3,14,30,43.45,15.75,15.39,64.6,2.3
B109,116,0,11,20,26.15,17.32,16.21,38.0,6.4
B110,3718,2,10,30,163.2,59.52,57.74,64.6,3.0
B111,3561,2,7,30,377.27,94.04,83.07,78.0,11.7
B112,881,5,9,30,79.31,30.13,27.79,65.0,7.8
B113,1923,5,11,19,36.05,26.97,26.54,26.4,1.6
B114,846,5,9,30,43.25,16.34,14.45,66.6,11.6
B115,1808,6,9,18,19.9,11.26,10.42,47.7,7.5
B116,4241,4,8,14,228.14,65.27,64.02,71.9,1.9
B117,2136,4,17,9,10.73,10.12,9.78,8.9,3.4
B118,4765,6,11,30,106.04,36.19,30.4,71.3,16.0
B119,2519,3,10,30,165.21,46.07,40.76,75.3,11.5
B120,1630,0,10,30,34.03,19.48,19.33,43.2,0.8
B121,2760,2,10,30,57.99,23.3,21.4,63.1,8.1
B122,3533,0,9,15,5.82,3.2,2.87,50.7,10.3
B123,1514,4,14,11,31.15,21.02,20.07,35.6,4.5
B124,3680,1,12,9,62.3,32.35,32.06,48.5,0.9
B125,1808,3,11,30,32.39,12.97,11.93,63.2,8.0
B126,3561,3,9,30,401.8,99.67,89.85,77.6,9.9
B127,1707,0,11,24,33.86,13.75,12.5,63.1,9.1
B128,2388,6,18,29,31.06,14.03,12.08,61.1,13.9
B129,1693,3,8,30,95.28,37.18,32.18,66.2,13.5
B130,3680,6,11,10,9.35,4.44,4.2,55.1,5.4
B131,846,3,10,30,40.38,13.51,12.29,69.6,9.0
B132,616,4,10,20,43.19,20.11,18.38,57.4,8.6
B133,400,3,10,10,49.5,28.58,26.54,46.4,7.2
B134,2880,6,12,8,28.42,26.32,24.99,12.0,5.0
B135,3478,5,12,22,60.59,29.14,29.14,51.9,0.0
B136,160,2,9,15,37.37,14.89,13.7,63.3,8.0
B137,2497,1,10,30,151.83,55.9,50.27,66.9,10.1
B138,2927,5,11,8,11.91,7.81,7.69,35.4,1.5
B139,1016,6,13,17,20.45,13.05,11.75,42.5,10.0
B140,2082,6,10,13,37.37,22.55,22.29,40.3,1.1
B141,4517,4,11,29,50.56,27.62,25.58,49.4,7.4
B142,535,6,14,30,55.7,19.74,18.12,67.5,8.2
B143,2083,2,8,30,72.85,22.19,19.88,72.7,10.4
B144,1586,5,16,16,52.36,30.04,29.76,43.2,0.9
B145,3718,3,11,30,180.65,68.08,62.48,65.4,8.2
B146,2519,2,13,30,142.43,37.19,34.0,76.1,8.6
B147,4155,4,13,8,67.55,33.38,30.4,55.0,8.9
B148,1508,1,10,30,199.33,60.78,52.69,73.6,13.3
B149,783,5,11,24,30.87,12.15,11.25,63.6,7.3
B150,2388,6,11,30,58.64,15.14,13.92,76.3,8.1
B151,286,2,9,19,58.53,19.31,16.71,71.5,13.5
B152,498,3,15,30,51.3,23.02,22.03,57.1,4.3
B153,467,6,11,30,59.75,29.95,29.46,50.7,1.6
B154,339,6,8,30,106.68,35.19,30.95,71.0,12.1
B155,417,6,10,30,88.16,45.37,34.24,61.2,24.5
B156,1508,2,9,30,206.22,70.6,62.31,69.8,11.7
B157,2301,4,13,30,7.08,3.86,2.92,58.7,24.2
B158,816,3,9,28,56.68,25.47,23.83,58.0,6.4
B159,535,6,12,17,33.12,17.61,16.09,51.4,8.6
B160,2927,1,9,25,27.23,10.44,9.29,65.9,11.1
B161,4109,5,9,8,63.15,38.27,38.27,39.4,0.0
B162,1016,1,14,30,31.04,12.63,12.4,60.1,1.8
B163,2880,1,12,13,16.2,11.99,11.34,30.0,5.4
B164,740,1,15,8,40.78,36.92,36.67,10.1,0.7
B165,3680,6,10,30,30.11,10.27,8.81,70.7,14.2
B166,4155,2,13,16,105.04,36.75,31.32,70.2,14.8
B167,1016,2,13,21,28.44,13.74,12.58,55.8,8.4
B168,339,3,7,30,135.64,41.81,37.23,72.6,11.0
B169,1636,3,16,30,30.11,10.85,9.8,67.4,9.7
B170,2497,4,11,30,141.66,47.05,42.95,69.7,8.7
B171,616,2,9,27,42.91,18.21,17.72,58.7,2.7
B172,1514,0,11,13,32.86,23.52,23.31,29.1,0.9
B173,2388,1,14,30,39.9,15.25,14.18,64.5,7.0
B174,339,2,7,30,98.96,40.1,35.24,64.4,12.1
B175,2082,3,9,30,77.22,27.86,26.39,65.8,5.3
B176,2675,5,13,23,131.41,41.05,39.42,70.0,4.0
B177,229,0,11,30,66.24,25.03,23.19,65.0,7.4
B178,27,3,10,30,48.81,18.18,16.74,65.7,7.9
B179,2083,6,13,10,34.1,24.75,21.6,36.7,12.7
B180,4800,3,10,8,79.92,35.93,35.93,55.0,0.0
B181,1426,4,10,20,47.01,22.05,17.15,63.5,22.2
B182,1586,6,7,19,64.14,36.64,35.29,45.0,3.7
B183,2976,5,10,30,227.42,69.5,65.22,71.3,6.2
B184,881,4,10,30,73.92,33.2,33.12,55.2,0.2
B185,858,4,10,24,61.16,30.51,29.15,52.3,4.5
B186,615,6,14,30,42.78,13.16,11.79,72.4,10.4
B187,400,6,12,28,377.35,89.15,80.98,78.5,9.2
B188,2519,3,11,30,125.58,33.03,30.87,75.4,6.5
B189,229,2,11,30,53.57,25.74,23.8,55.6,7.6
B190,2679,0,9,8,65.62,36.27,36.18,44.9,0.3
B191,2675,0,11,19,50.34,32.88,31.52,37.4,4.1
B192,2233,0,11,9,19.61,13.74,12.39,36.8,9.8
B193,4221,1,9,30,66.73,23.01,20.91,68.7,9.1
B194,616,2,10,11,16.89,12.66,11.83,30.0,6.6
B195,2388,0,9,30,63.36,17.05,14.63,76.9,14.2
B196,3471,5,9,25,36.59,21.01,19.32,47.2,8.1
B197,615,2,9,30,30.11,12.02,11.04,63.3,8.1
B198,570,2,8,30,46.05,28.09,26.08,43.4,7.1
B199,1016,1,10,30,84.17,24.75,23.45,72.1,5.2
B200,2760,3,9,16,41.55,23.18,22.08,46.9,4.8
